{"cameraMode":{"drawMode":0,"name":"Shaded","section":"Shading Mode"},"sceneLighting":false,"audioPlay":false,"sceneViewState":{"showFog":true,"showMaterialUpdate":false,"showSkybox":false,"showFlares":true,"showImageEffects":true,"showParticleSystems":true},"in2DMode":false,"pivot":{"x":1.4841821193695069,"y":4.213503837585449,"z":-23.12199592590332},"rotation":{"x":-0.07514353841543198,"y":-0.8259568810462952,"z":0.11344773322343826,"w":-0.547063410282135},"size":5.546741008758545,"orthographic":false}