{"cameraMode":{"drawMode":0,"name":"Shaded","section":"Shading Mode"},"sceneLighting":false,"audioPlay":false,"sceneViewState":{"showFog":true,"showMaterialUpdate":false,"showSkybox":false,"showFlares":true,"showImageEffects":true,"showParticleSystems":true},"in2DMode":false,"pivot":{"x":0.10135841369628906,"y":0.672795295715332,"z":-5.255083084106445},"rotation":{"x":0.26352861523628237,"y":-0.3642200827598572,"z":0.10825158655643463,"w":0.8866668343544006},"size":5.214306831359863,"orthographic":false}