{"cameraMode":{"drawMode":0,"name":"Shaded","section":"Shading Mode"},"sceneLighting":false,"audioPlay":false,"sceneViewState":{"showFog":true,"showMaterialUpdate":false,"showSkybox":false,"showFlares":true,"showImageEffects":true,"showParticleSystems":true},"in2DMode":false,"pivot":{"x":5.960464477539063e-8,"y":1.198744297027588,"z":-4.875},"rotation":{"x":-0.07219645380973816,"y":-0.6676208972930908,"z":0.06529867649078369,"w":-0.7381098866462708},"size":4.299127578735352,"orthographic":false}