{"cameraMode":{"drawMode":0,"name":"Shaded","section":"Shading Mode"},"sceneLighting":true,"audioPlay":false,"sceneViewState":{"showFog":true,"showMaterialUpdate":false,"showSkybox":true,"showFlares":true,"showImageEffects":true,"showParticleSystems":true},"in2DMode":false,"pivot":{"x":0.19370079040527345,"y":1.9313254356384278,"z":-19.93044662475586},"rotation":{"x":-0.1290731579065323,"y":-0.5123072862625122,"z":0.07821337133646012,"w":-0.845437228679657},"size":10.058577537536621,"orthographic":false}